[
  {
    "category_name": "Books",
    "asin": "9352203380",
    "data": {
      "product_title": "Ikigai / इकिगाई : The Japanese secret to a long and happy life in Marathi Inspirational Book ईकीगाई दीर्घायुषी आणि आनंदी जीवनाचे जपानी रहस्य बुक, ईकिगाई मराठी पुस्तके, Motivational Books on of अनुवादित बुक्स, पुस्तक, इकीगाई पुस्तकं बुक्स ekigai ekiguy;ekagi ekagai ekegai ekigayi ikgai ikagia ikegai",
      "product_price": "121",
      "product_original_price": "₹200",
      "currency": "INR",
      "product_star_rating": "4.4",
      "product_photo": "https://m.media-amazon.com/images/I/71ycRyWFfSL._SL1500_.jpg",
      "sales_volume": null,
      "about_product": []
    },
    "product_information": {
      "Publisher": "Saket Prakashan Pvt. Ltd.; First Edition (1 November 2021); Saket Prakashan Pvt. Ltd. 115, Mahatma Gandhi Nagar, Station Road, Aurangabad 431005, Maharashtra, India, 9881745605",
      "Language": "Marathi",
      "Paperback": "168 pages",
      "ISBN-10": "9352203380",
      "ISBN-13": "978-9352203383",
      "Item Weight": "130 g",
      "Dimensions": "20.3 x 25.4 x 4.7 cm",
      "Country of Origin": "India",
      "Importer": "(PH: 9881745605)",
      "Packer": "Saket Prakashan Pvt. Ltd. 115, Mahatma Gandhi Nagar, Station Road, Aurangabad 431005, Maharashtra, India, 9881745605",
      "Generic Name": "Book",
      "Best Sellers Rank": "#1,090 in Books (See Top 100 in Books)    #28 in Healthy Living & Wellness",
      "Customer Reviews": "4.4   4.4 out of 5 stars     \n\n                       788 ratings"
    }
  },
  {
    "category_name": "Books",
    "asin": "9391282326",
    "data": {
      "product_title": "स्टॉप ओव्हरथिंकिंग | मराठी पुस्तक | Stop Overthinking | अतिविचाराच्या चक्रातून बाहेर पडण्यासाठी | Nick Trenton | Marathi Book |",
      "product_price": "199",
      "product_original_price": "₹250",
      "currency": "INR",
      "product_star_rating": "4.5",
      "product_photo": "https://m.media-amazon.com/images/I/81pBP-6cseL._SL1500_.jpg",
      "sales_volume": null,
      "about_product": []
    },
    "product_information": {
      "Publisher": "MyMirror Publishing House Pvt. Ltd. (21 November 2022); MyMirror Publishing House Pvt. Ltd.",
      "Language": "Marathi",
      "Paperback": "160 pages",
      "ISBN-10": "9391282326",
      "ISBN-13": "978-9391282325",
      "Reading age": "3 years and up",
      "Item Weight": "200 g",
      "Dimensions": "21 x 14 x 2 cm",
      "Country of Origin": "India",
      "Net Quantity": "1 Count",
      "Packer": "MyMirror Publishing House Pvt. Ltd.",
      "Generic Name": "Book",
      "Best Sellers Rank": "#2,157 in Books (See Top 100 in Books)    #68 in Motivational Self-Help   #341 in Personal Transformation",
      "Customer Reviews": "4.5   4.5 out of 5 stars     \n\n                       71 ratings"
    }
  },
  {
    "category_name": "Books",
    "asin": "8177867709",
    "data": {
      "product_title": "Nasti Uthathev - नस्ती उठाठेव, Pu La Deshpande Marathi Books, पु ल देशपांडे मराठी पुस्तके, P L, pl, in Book, Vinodi Katha, Comedy Pustak, पुस्तक",
      "product_price": "154",
      "product_original_price": "₹250",
      "currency": "INR",
      "product_star_rating": "4.5",
      "product_photo": "https://m.media-amazon.com/images/I/81V+aBakkPL._SL1500_.jpg",
      "sales_volume": null,
      "about_product": []
    },
    "product_information": {
      "Publisher": "Saket Prakashan Pvt. Ltd.; Nineteenth edition (1 January 2019); Saket Prakashan Pvt. Ltd. 115, Mahatma Gandhi Nagar, Station Road, Aurangabad 431005, Maharashtra, India, 9881745605",
      "Language": "Marathi",
      "Paperback": "184 pages",
      "ISBN-10": "8177867709",
      "ISBN-13": "978-8177867701",
      "Item Weight": "200 g",
      "Dimensions": "20.3 x 25.4 x 4.7 cm",
      "Country of Origin": "India",
      "Net Quantity": "1 Count",
      "Packer": "Saket Prakashan Pvt. Ltd. 115, Mahatma Gandhi Nagar, Station Road, Aurangabad 431005, Maharashtra, India, 9881745605",
      "Generic Name": "Book",
      "Best Sellers Rank": "#2,425 in Books (See Top 100 in Books)    #117 in Classic Fiction (Books)",
      "Customer Reviews": "4.5   4.5 out of 5 stars     \n\n                       494 ratings"
    }
  },
  {
    "category_name": "Books",
    "asin": "8177869485",
    "data": {
      "product_title": "Krishnaniti - Krishna Niti Book in Marathi, मराठी पुस्तक, Bhagvan Shree Krishna Books, Bhagavad Gita, कृष्ण भगवान, भागवत गीता पुस्तके",
      "product_price": "199",
      "product_original_price": "₹299",
      "currency": "INR",
      "product_star_rating": "4.4",
      "product_photo": "https://m.media-amazon.com/images/I/71+PCAsAWoL._SL1500_.jpg",
      "sales_volume": null,
      "about_product": []
    },
    "product_information": {
      "Publisher": "Saket Prakashan Pvt. Ltd.; Tenth edition (1 January 2019); Saket Prakashan Pvt. Ltd. 115, Mahatma Gandhi Nagar, Station Road, Aurangabad 431005, Maharashtra, India, 9881745605",
      "Language": "Marathi",
      "Paperback": "288 pages",
      "ISBN-10": "8177869485",
      "ISBN-13": "978-8177869484",
      "Item Weight": "300 g",
      "Dimensions": "20.3 x 25.4 x 4.7 cm",
      "Country of Origin": "India",
      "Net Quantity": "1 Count",
      "Packer": "Saket Prakashan Pvt. Ltd. 115, Mahatma Gandhi Nagar, Station Road, Aurangabad 431005, Maharashtra, India, 9881745605",
      "Generic Name": "Book",
      "Best Sellers Rank": "#2,130 in Books (See Top 100 in Books)    #77 in Biographies & Autobiographies (Books)",
      "Customer Reviews": "4.4   4.4 out of 5 stars     \n\n                       124 ratings"
    }
  },
  {
    "category_name": "Books",
    "asin": "8177868470",
    "data": {
      "product_title": "Bandhawarchya Babhali : G D Madgulkar Marathi Books, मराठी ग दि माडगूळकर पुस्तके Literature Sahitya, पुस्तक, गदिमा साहित्य, Gadima Book",
      "product_price": "116",
      "product_original_price": "₹175",
      "currency": "INR",
      "product_star_rating": "4.6",
      "product_photo": "https://m.media-amazon.com/images/I/81pvaENlvJL._SL1500_.jpg",
      "sales_volume": null,
      "about_product": []
    },
    "product_information": {
      "Publisher": "Saket Prakashan Pvt. Ltd.; Fourth edition (1 January 2018); Saket Prakashan Pvt. Ltd. 115, Mahatma Gandhi Nagar, Station Road, Aurangabad 431005, Maharashtra, India, 9881745605",
      "Language": "Marathi",
      "Paperback": "144 pages",
      "ISBN-10": "8177868470",
      "ISBN-13": "978-8177868470",
      "Item Weight": "170 g",
      "Dimensions": "20.3 x 25.4 x 4.7 cm",
      "Country of Origin": "India",
      "Net Quantity": "1 Count",
      "Packer": "Saket Prakashan Pvt. Ltd. 115, Mahatma Gandhi Nagar, Station Road, Aurangabad 431005, Maharashtra, India, 9881745605",
      "Generic Name": "Book",
      "Best Sellers Rank": "#5,671 in Books (See Top 100 in Books)    #122 in Indian Writing (Books)",
      "Customer Reviews": "4.6   4.6 out of 5 stars     \n\n                       290 ratings"
    }
  },
  {
    "category_name": "Books",
    "asin": "8177866591",
    "data": {
      "product_title": "Shyamchi Aai : श्यामची आई Book in Marathi, Story Books बुक्स, aa, ai, by Sane Guruji पुस्तक, शामची मराठी पुस्तके, शिक्षकांसाठी साने गुरुजी, पुस्तकं बुक",
      "product_price": "111",
      "product_original_price": "₹150",
      "currency": "INR",
      "product_star_rating": "4.6",
      "product_photo": "https://m.media-amazon.com/images/I/81wNBwrCAHL._SL1500_.jpg",
      "sales_volume": null,
      "about_product": []
    },
    "product_information": {
      "Publisher": "Saket Prakashan Pvt. Ltd.; Fourteenth edition (1 January 2019); Saket Prakashan Pvt. Ltd. 115, Mahatma Gandhi Nagar, Station Road, Aurangabad 431005, Maharashtra, India, 9881745605",
      "Language": "Marathi",
      "Paperback": "232 pages",
      "ISBN-10": "8177866591",
      "ISBN-13": "978-8177866599",
      "Reading age": "Customer suggested age: 5 years and up",
      "Item Weight": "200 g",
      "Dimensions": "20.3 x 25.4 x 4.7 cm",
      "Country of Origin": "India",
      "Net Quantity": "1 Count",
      "Packer": "Saket Prakashan Pvt. Ltd. 115, Mahatma Gandhi Nagar, Station Road, Aurangabad 431005, Maharashtra, India, 9881745605",
      "Generic Name": "Book",
      "Best Sellers Rank": "#1,484 in Books (See Top 100 in Books)    #194 in Children's Literature & Fiction (Books)",
      "Customer Reviews": "4.6   4.6 out of 5 stars     \n\n                       911 ratings"
    }
  },
  {
    "category_name": "Books",
    "asin": "9352200217",
    "data": {
      "product_title": "Sara Kahi Mulansathi - Marathi Book In Marathi Books Mulanche Vyaktimatva Sakartana, Positive Parenting, Ase Ghadava Vikas",
      "product_price": "162",
      "product_original_price": "₹250",
      "currency": "INR",
      "product_star_rating": "4.5",
      "product_photo": "https://m.media-amazon.com/images/I/71uu8gmnp8L._SL1500_.jpg",
      "sales_volume": null,
      "about_product": []
    },
    "product_information": {
      "Publisher": "Saket Prakashan Pvt. Ltd.; Second edition (1 January 2015); Saket Prakashan Pvt. Ltd. 115, Mahatma Gandhi Nagar, Station Road, Aurangabad 431005, Maharashtra, India, 9881745605",
      "Language": "Marathi",
      "Paperback": "216 pages",
      "ISBN-10": "9352200217",
      "ISBN-13": "978-9352200214",
      "Item Weight": "300 g",
      "Dimensions": "20.3 x 25.4 x 4.7 cm",
      "Country of Origin": "India",
      "Net Quantity": "1 Count",
      "Packer": "Saket Prakashan Pvt. Ltd. 115, Mahatma Gandhi Nagar, Station Road, Aurangabad 431005, Maharashtra, India, 9881745605",
      "Generic Name": "Book",
      "Best Sellers Rank": "#4,876 in Books (See Top 100 in Books)    #112 in Family & Relationships",
      "Customer Reviews": "4.5   4.5 out of 5 stars     \n\n                       77 ratings"
    }
  },
  {
    "category_name": "Books",
    "asin": "8184984871",
    "data": {
      "product_title": "AYUSHYACHE DHADE GIRAVTANA BY SUDHA MURTY /आयुष्याचे धडे गिरवताना- सुधा मुर्ती (मराठी आवृत्ती)",
      "product_price": "₹162.00",
      "product_original_price": "₹200",
      "currency": "INR",
      "product_star_rating": "4.5",
      "product_photo": "https://m.media-amazon.com/images/I/61CT1f+RtaL._SL1360_.jpg",
      "sales_volume": null,
      "about_product": []
    },
    "product_information": {
      "Publisher": "MEHTA PUBLISHING HOUSE; 20th edition (1 January 2013)",
      "Language": "Marathi",
      "Perfect Paperback": "160 pages",
      "ISBN-10": "8184984871",
      "ISBN-13": "978-8184984873",
      "Reading age": "7 years and up",
      "Item Weight": "213 g",
      "Dimensions": "21 x 14 x 2 cm",
      "Country of Origin": "India",
      "Generic Name": "BOOK",
      "Best Sellers Rank": "#2,727 in Books (See Top 100 in Books)    #37 in Short Stories (Books)   #184 in Contemporary Fiction (Books)",
      "Customer Reviews": "4.5   4.5 out of 5 stars     \n\n                       1,640 ratings"
    }
  },
  {
    "category_name": "Books",
    "asin": "9356808759",
    "data": {
      "product_title": "Urmila, Marathi Novel",
      "product_price": "255",
      "product_original_price": "₹350",
      "currency": "INR",
      "product_star_rating": "4.3",
      "product_photo": "https://m.media-amazon.com/images/I/818gClzlHJL._SL1500_.jpg",
      "sales_volume": null,
      "about_product": []
    },
    "product_information": {
      "Publisher": "Samar Publication; First Edition (25 September 2022); samar.sahitya@gmail.com",
      "Language": "Marathi",
      "Perfect Paperback": "262 pages",
      "ISBN-10": "9356808759",
      "ISBN-13": "978-9356808751",
      "Item Weight": "370 g",
      "Country of Origin": "India",
      "Packer": "Samar Publication",
      "Best Sellers Rank": "#4,795 in Books (See Top 100 in Books)    #183 in Biographies & Autobiographies (Books)",
      "Customer Reviews": "4.3   4.3 out of 5 stars     \n\n                       32 ratings"
    }
  },
  {
    "category_name": "Books",
    "asin": "817786596X",
    "data": {
      "product_title": "The Power of Your Subconscious Mind : Book in Marathi, आपल्या अवचेतन मनाची शक्ती बुक, द पॉवर ऑफ युवर सबकॉन्शस माईंड पुस्तके Dr. Joseph Murphy Books, सबकॉन्शियस मराठी अनुवादीत पुस्तक बुक्स, जोसेफ मर्फी मराठी, पावर योर सबकाँसियस माइंड Dr Josef Murfy, Author Marfi युअर अचेतन",
      "product_price": "131",
      "product_original_price": "₹200",
      "currency": "INR",
      "product_star_rating": "4.5",
      "product_photo": "https://m.media-amazon.com/images/I/71bGDLURQ5L._SL1500_.jpg",
      "sales_volume": null,
      "about_product": []
    },
    "product_information": {
      "Publisher": "Saket Prakashan Pvt. Ltd.; Sixth edition (1 January 2017); Saket Prakashan Pvt. Ltd. 115, Mahatma Gandhi Nagar, Station Road, Aurangabad 431005, Maharashtra, India, 9881745605",
      "Language": "Marathi",
      "Paperback": "272 pages",
      "ISBN-10": "817786596X",
      "ISBN-13": "978-8177865967",
      "Reading age": "18 years and up",
      "Item Weight": "260 g",
      "Dimensions": "20.3 x 25.4 x 4.7 cm",
      "Country of Origin": "India",
      "Net Quantity": "1 Count",
      "Importer": "Saket Prakashan Pvt. Ltd. 115, Mahatma Gandhi Nagar, Station Road, Aurangabad 431005, Maharashtra, India Phone : 9881745605",
      "Packer": "Saket Prakashan Pvt. Ltd. 115, Mahatma Gandhi Nagar, Station Road, Aurangabad 431005, Maharashtra, India, 9881745605",
      "Generic Name": "Book",
      "Best Sellers Rank": "#1,168 in Books (See Top 100 in Books)    #204 in Personal Transformation",
      "Customer Reviews": "4.5   4.5 out of 5 stars     \n\n                       2,273 ratings"
    }
  },
  {
    "category_name": "Books",
    "asin": "9352203399",
    "data": {
      "product_title": "Mantarlele Divas : मंतरलेले दिवस Book, G D Madgulkar Literature Marathi Sahitya Books मराठी चरित्र पुस्तक, ग दि माडगूळकर साहित्य पुस्तके, Gadima",
      "product_price": "158",
      "product_original_price": "₹250",
      "currency": "INR",
      "product_star_rating": "4.7",
      "product_photo": "https://m.media-amazon.com/images/I/81MQsE6JufL._SL1500_.jpg",
      "sales_volume": null,
      "about_product": []
    },
    "product_information": {
      "Publisher": "Saket Prakashan Pvt. Ltd.; First Edition (1 November 2021); Saket Prakashan Pvt. Ltd. 115, Mahatma Gandhi Nagar, Station Road, Aurangabad 431005, Maharashtra, India, 9881745605",
      "Language": "Marathi",
      "Paperback": "192 pages",
      "ISBN-10": "9352203399",
      "ISBN-13": "978-9352203390",
      "Item Weight": "170 g",
      "Dimensions": "20.3 x 25.4 x 4.7 cm",
      "Country of Origin": "India",
      "Net Quantity": "1 Count",
      "Importer": "(PH: 9881745605)",
      "Packer": "Saket Prakashan Pvt. Ltd. 115, Mahatma Gandhi Nagar, Station Road, Aurangabad 431005, Maharashtra, India, 9881745605",
      "Generic Name": "Book",
      "Best Sellers Rank": "#3,912 in Books (See Top 100 in Books)    #143 in Biographies & Autobiographies (Books)",
      "Customer Reviews": "4.7   4.7 out of 5 stars     \n\n                       114 ratings"
    }
  },
  {
    "category_name": "Books",
    "asin": "9352203844",
    "data": {
      "product_title": "The Art Of Saying No Book In Marathi, Damon Zahariades Books, Anuvadit, Translatedmotivational, Inspirational, Self Help, Personality Development",
      "product_price": "139",
      "product_original_price": "₹225",
      "currency": "INR",
      "product_star_rating": "4.6",
      "product_photo": "https://m.media-amazon.com/images/I/71Ml964RKgL._SL1500_.jpg",
      "sales_volume": null,
      "about_product": []
    },
    "product_information": {
      "Publisher": "Saket Prakashan Pvt. Ltd.; First Edition (13 March 2023); Saket Prakashan Pvt. Ltd. 115, Mahatma Gandhi Nagar, Station Road, Chhatrapati Sambhajinagar 431005, Maharashtra, India, 9881745605",
      "Language": "Marathi",
      "Paperback": "144 pages",
      "ISBN-10": "9352203844",
      "ISBN-13": "978-9352203840",
      "Item Weight": "160 g",
      "Dimensions": "20.3 x 25.4 x 4.7 cm",
      "Country of Origin": "India",
      "Net Quantity": "1 Count",
      "Packer": "Saket Prakashan Pvt. Ltd. 115, Mahatma Gandhi Nagar, Station Road, Chhatrapati Sambhajinagar 431005, Maharashtra, India, 9881745605",
      "Generic Name": "Book",
      "Best Sellers Rank": "#3,560 in Books (See Top 100 in Books)    #32 in Self-Esteem (Books)",
      "Customer Reviews": "4.6   4.6 out of 5 stars     \n\n                       86 ratings"
    }
  },
  {
    "category_name": "Books",
    "asin": "B09CQRSY1W",
    "data": {
      "product_title": "Business Biographies of Inspirational Personalities in Marathi (Set Of 3 Combo Pack Books) : Ratan Tata, Narayan Murthy, Dhirubhai Ambani, रतन टाटा, ... Singhal,Ravindra Kolhe [Jan 01, 2021]…",
      "product_price": "291",
      "product_original_price": "₹500",
      "currency": "INR",
      "product_star_rating": "4.5",
      "product_photo": "https://m.media-amazon.com/images/I/61Y3yAhIN2L._SL1080_.jpg",
      "sales_volume": null,
      "about_product": []
    },
    "product_information": {
      "ASIN": "B09CQRSY1W",
      "Publisher": "Saket Prakashan Pvt Ltd; First Edition (1 January 2021); (PH: 9881745605)",
      "Language": "Marathi",
      "Paperback": "432 pages",
      "Item Weight": "420 g",
      "Dimensions": "20.8 x 13.8 x 2.5 cm",
      "Country of Origin": "India",
      "Importer": "(PH: 9881745605)",
      "Packer": "Saket Prakashan Pvt. Ltd. 115, Mahatma Gandhi Nagar, Station Road, Aurangabad 431005, Maharashtra, India, 9881745605",
      "Generic Name": "Marathi Book",
      "Best Sellers Rank": "#5,457 in Books (See Top 100 in Books)    #213 in Biographies & Autobiographies (Books)",
      "Customer Reviews": "4.5   4.5 out of 5 stars     \n\n                       49 ratings"
    }
  },
  {
    "category_name": "Books",
    "asin": "9390085403",
    "data": {
      "product_title": "Atomic Habits (Marathi)",
      "product_price": "226",
      "product_original_price": "₹399",
      "currency": "INR",
      "product_star_rating": "4.5",
      "product_photo": "https://m.media-amazon.com/images/I/81hWW2XGEvL._SL1500_.jpg",
      "sales_volume": null,
      "about_product": []
    },
    "product_information": {
      "Publisher": "Manjul Publishing House; First Edition (26 October 2020); Manjul Publishing House Pvt. Ltd., 2nd Floor, Usha Preet Complex, 42 Malviya Nagar, Bhopal - 462003 - India",
      "Language": "Marathi",
      "Paperback": "304 pages",
      "ISBN-10": "9390085403",
      "ISBN-13": "978-9390085408",
      "Reading age": "18 years and up",
      "Item Weight": "255 g",
      "Dimensions": "20 x 14 x 4 cm",
      "Country of Origin": "India",
      "Net Quantity": "1 Count",
      "Importer": "Manjul Publishing House Pvt Ltd., C-16, Sector-3, Noida - 201301 (UP)",
      "Packer": "Manjul Publishing House Pvt Ltd., C-16, Sector-3, Noida - 201301 (UP)",
      "Generic Name": "Book",
      "Best Sellers Rank": "#1,453 in Books (See Top 100 in Books)    #244 in Personal Transformation",
      "Customer Reviews": "4.5   4.5 out of 5 stars     \n\n                       984 ratings"
    }
  }
]